Links,website 
http://classifiedsgiant.com/35270216-how-to-stream-fx-network-channels-on-your-roku/details.html,http://www.fxnetworkactivate.com
http://connectfirms.com/fxnetworkactivate,http://www.fxnetworkactivate.com
http://delilagribanov.doodlekit.com/blog/entry/4482555/fox-now-setup-using-your-xbox-one,http://www.fxnetworkactivate.com
http://fxnetworkactivate.blog.fc2.com/,http://www.fxnetworkactivate.com
http://fxnetworkactivate.blog.fc2.com/blog-category-0.html,http://www.fxnetworkactivate.com
http://fxnetworkactivate.blog.fc2.com/blog-category-1.html,http://www.fxnetworkactivate.com
http://fxnetworkactivate.blog.fc2.com/blog-entry-1.html,http://www.fxnetworkactivate.com
http://fxnetworkactivate.blog.fc2.com/blog-entry-2.html,http://www.fxnetworkactivate.com
http://fxnetworkactivate.blogspot.com/,http://www.fxnetworkactivate.com
http://fxnetworkactivate.blogspot.com/2018/,http://www.fxnetworkactivate.com
http://fxnetworkactivate.blogspot.com/2018/05/,http://www.fxnetworkactivate.com
http://fxnetworkactivate.blogspot.com/2018/06/,http://www.fxnetworkactivate.com
http://fxnetworkactivate.blogspot.com/2018/06/screening-fx-network-on-comcast.html,http://www.fxnetworkactivate.com
http://fxnetworkactivate.blogspot.com/2018/06/streaming-popular-fx-network-shows.html,http://www.fxnetworkactivate.com
http://jraces.com/s_account+now+activation/,http://www.fxnetworkactivate.com
http://jraces.com/s_activate+now/,http://www.fxnetworkactivate.com
http://jraces.com/s_roku+latest+model/,http://www.fxnetworkactivate.com
http://jraces.com/s_tv+fxnetworks+activate/,http://www.fxnetworkactivate.com
http://jraces.com/s_watch+fx+now/,http://www.fxnetworkactivate.com
http://listitsellit.us/services/computer/get-instant-technical-support-for-rokufxnetworks-1-855-395-9880_i29239,http://www.fxnetworkactivate.com
http://local.exactseek.com/category/arts-entertainment-1,http://www.fxnetworkactivate.com
http://local.exactseek.com/category/business-software-89,http://www.fxnetworkactivate.com
http://local.exactseek.com/category/computer-systems-consultants-270,http://www.fxnetworkactivate.com
http://local.exactseek.com/category/computers-and-accessories-273,http://www.fxnetworkactivate.com
http://local.exactseek.com/category/computers-software-electronics-1-1-12,http://www.fxnetworkactivate.com
http://local.exactseek.com/detail/fxnetworkactivate-494751,http://www.fxnetworkactivate.com
http://local.exactseek.com/detail/technical-support-for-fxnetwork-494752,http://www.fxnetworkactivate.com
http://local.exactseek.com/location/tampa-3930,http://www.fxnetworkactivate.com
http://mypetads.com/0/posts/4-Entertainment/28-Movies-TV/305154-How-to-Download-FX-Network-App-Easily-.html,http://www.fxnetworkactivate.com
http://nullads.org/united-states/florida/computers-it-services/is-it-possible-to-watch-nfl-on-fox-games.fewc.html,http://www.fxnetworkactivate.com
http://post-free-classified-ad.com/services/computer/activate-fx-networks-on-roku/tampa-i3540,http://www.fxnetworkactivate.com
http://post-free-classified-ad.com/user/profile/1067,http://www.fxnetworkactivate.com
http://princeedwardisland.listall.ca/Computer-Media/Tell-me-about-the-FOX-Sports-Go-contents/84890.html,http://www.fxnetworkactivate.com
http://socialbookmarkings.us/2018/06/15/tech-for-hp-officejet-4650/,http://www.fxnetworkactivate.com
http://www.bizvotes.com/fl/tampa/computer-repair/fx-network-activate-1282686.html,http://www.fxnetworkactivate.com
http://www.callupcontact.com/b/businessprofile/fxnetworkactivate/7017994,http://www.fxnetworkactivate.com
http://www.craigrowitzphoto.com/guestbook.html,http://www.fxnetworkactivate.com
http://www.dewalist.com/0/posts/9-Entertainment/74-Movies/517600-Roku-3-Remote-Control-Buttons-Replacement.html,http://www.fxnetworkactivate.com
http://www.evindex.com/s_activate+fx+now+on+roku/,http://www.fxnetworkactivate.com
http://www.evindex.com/s_fx+networks+activate/,http://www.fxnetworkactivate.com
http://www.evindex.com/s_fx+networks+activation/,http://www.fxnetworkactivate.com
http://www.evindex.com/s_fx+now+activate/,http://www.fxnetworkactivate.com
http://www.fixya.com/support/t25648795-activatemy_fxnow_roku_tv_code,http://www.fxnetworkactivate.com
http://www.flickr.com/photos/154261912@N06/27122649697/,http://www.fxnetworkactivate.com
http://www.flickr.com/photos/154261912@N06/42160282355/,http://www.fxnetworkactivate.com
http://www.flickr.com/photos/154261912@N06/42990695652/,http://www.fxnetworkactivate.com
http://www.fotothing.com/fxnetworkactivate/,http://www.fxnetworkactivate.com
http://www.fotothing.com/fxnetworkactivate/photo/15eaec06db7e7c018fc47a1ad14c4e17/,http://www.fxnetworkactivate.com
http://www.fotothing.com/fxnetworkactivate/photo/3f3bfec416ac066197b32ad55c50865b/,http://www.fxnetworkactivate.com
http://www.golocalclassified.com/services/computer/get-instant-technical-support-for-rokufxnetworks-1-855-395-9880_i6538,http://www.fxnetworkactivate.com
http://www.idyliq.com/q_FX+Networks+Activate+Apple+TV/,http://www.fxnetworkactivate.com
http://www.idyliq.com/q_FX+Networks+Activate+Code/,http://www.fxnetworkactivate.com
http://www.idyliq.com/q_FX+Networks+Roku+Activate/,http://www.fxnetworkactivate.com
http://www.idyliq.com/q_Fxnetworks+Activate+Enter+Code/,http://www.fxnetworkactivate.com
http://www.imfaceplate.com/fxnetworkactivate,http://www.fxnetworkactivate.com
http://www.localbd.com.au/company/fxnetworkactivate_1301383/,http://www.fxnetworkactivate.com
http://www.localnoggins.com/citysearch?page=683&tid%255Bhsid%255D=0&tid%255Bhierarchical_select%255D%255Bselects%255D%255B0%255D=Any&op=Update&hs_form_build_id=hs_form_b8cf083ba3e13c643e22cb6252cde514,http://www.fxnetworkactivate.com
http://www.memmax.com/s_tv+fxnetworks+activate/,http://www.fxnetworkactivate.com
http://www.pdfsea.net/result/fx-networks-activation-code,http://www.fxnetworkactivate.com
http://www.pdfsea.net/result/fx-now-activation-code,http://www.fxnetworkactivate.com
http://www.storymint.com/story.php?id=187120&title=fxnetworks.com/activate_-_Activate_FX_Now_-_FXNetworks_Account_setup,http://www.fxnetworkactivate.com
http://www.support-services.ipt.pw/News/channel-providers-to-subscribe-fx-network-channel/,http://www.fxnetworkactivate.com
http://www.updatesee.com/post/18457/fxnetworks-com-activate-Activate-FX-Now-FXNetworks-Account-setup,http://www.fxnetworkactivate.com
http://www.yaelp.com/s_Fxnetworks+Activate+Enter+Code/,http://www.fxnetworkactivate.com
http://yotekai.com/q_FX+Networks+Activate+Roku/,http://www.fxnetworkactivate.com
http://yotekai.com/q_activate+fx+now+on+roku/,http://www.fxnetworkactivate.com
http://yotekai.com/q_fx+network+activate+enter+code/,http://www.fxnetworkactivate.com
http://yotekai.com/q_fx+networks+activate+code/,http://www.fxnetworkactivate.com
http://yotekai.com/q_fx+networks+activate+for+apple+tv/,http://www.fxnetworkactivate.com
http://yotekai.com/q_fx+networks+activate/,http://www.fxnetworkactivate.com
http://yotekai.com/q_fx+networks+activation/,http://www.fxnetworkactivate.com
http://yotekai.com/q_fxnow+activation/,http://www.fxnetworkactivate.com
http://yotekai.com/q_fxnow+app/,http://www.fxnetworkactivate.com
http://yotekai.com/q_https+activate+fxnetworks+activate/,http://www.fxnetworkactivate.com
http://yotekai.com/q_tv+fxnetworks+activate+roku/,http://www.fxnetworkactivate.com
http://yotekai.com/q_tv+fxnetworks+activate/,http://www.fxnetworkactivate.com
https://500px.com/fxnetworkactivate,http://www.fxnetworkactivate.com
https://500px.com/fxnetworkactivate/about,http://www.fxnetworkactivate.com
https://adsansar.com/how-to-get-latest-channel-fx-network-on-roku-player/,http://www.fxnetworkactivate.com
https://adsark.com/0/classified-ad/4-Services/14-Entertainment/34257-Activate-FXnetwork-Channels-On-Roku.html,http://www.fxnetworkactivate.com
https://app.ideahunt.io/coach/campaigns/fxnetwork-activate/brief,http://www.fxnetworkactivate.com
https://businesslistingplus.com/listing/fx-network-activate.html,http://www.fxnetworkactivate.com
https://choicebookmarks.com/new.php?page=66&part=year&category=technology,http://www.fxnetworkactivate.com
https://classifieds.acceleweb.com/electronics/united-states-fx-network-activate-,http://www.fxnetworkactivate.com
https://classifieds.acceleweb.com/services_offered/united-states-fx-network-activate-,http://www.fxnetworkactivate.com
https://countyjailinmates.com/search/watch-fx-network-live,http://www.fxnetworkactivate.com
https://enetget.com/fxnetworkactivate,http://www.fxnetworkactivate.com
https://enetget.com/fxnetworkactivate/following,http://www.fxnetworkactivate.com
https://enetget.com/fxnetworkactivate/groups,http://www.fxnetworkactivate.com
https://fxnetworkactivate-27.webself.net/,http://www.fxnetworkactivate.com
https://fxnetworkactivate-27.webself.net/blog/2018/06/10/best-streams-on-fx-networks,http://www.fxnetworkactivate.com
https://fxnetworkactivate.blogspot.com/2018/05/how-to-watch-fx-network-on-apple-tv.html,http://www.fxnetworkactivate.com
https://fxnetworkactivate.blogspot.com/2018/06/streaming-popular-fx-network-shows.html,http://www.fxnetworkactivate.com
https://fxnetworkactivate.jimdofree.com/,http://www.fxnetworkactivate.com
https://fxnetworkactivate.jimdofree.com/2018/05/23/best-tv-shows-of-2018-each-network-fx-netflix-hbo/,http://www.fxnetworkactivate.com
https://fxnetworkactivate.jimdofree.com/2018/06/11/black-ish-on-roku-via-fx-network/,http://www.fxnetworkactivate.com
https://fxnetworkactivate.jimdofree.com/best-tv-shows-of-2018,http://www.fxnetworkactivate.com
https://fxnetworkactivate.jimdofree.com/best-tv-shows-of-2018/,http://www.fxnetworkactivate.com
https://fxnetworkactivate.jimdofree.com/rss/blog,http://www.fxnetworkactivate.com
https://fxnetworkactivate.yolasite.com/blog.php,http://www.fxnetworkactivate.com
https://gust.com/companies/fxnetworkactivate,http://www.fxnetworkactivate.com
https://hub.fm/baskets-renewed-for-season-4-at-fx-network-channels-66763.html,http://www.fxnetworkactivate.com
https://hub.fm/how-do-i-activate-fox-now-on-my-roku-61403.html,http://www.fxnetworkactivate.com
https://hub.fm/remote-issue-on-your-roku-player-64076.html,http://www.fxnetworkactivate.com
https://hub.fm/roku-3-remote-63324.html,http://www.fxnetworkactivate.com
https://hub.fm/roku-3-remote-63381.html,http://www.fxnetworkactivate.com
https://hub.fm/why-cant-i-see-fox-sports-channel-programs-on-fox-sports-go-why-is-it-so-65664.html,http://www.fxnetworkactivate.com
https://i.i.reddit.com/r/AtlantaTv,http://www.fxnetworkactivate.com
https://issuu.com/fxnetworkactivate,http://www.fxnetworkactivate.com
https://m.lastads.com/_boulder/a30763.html,http://www.fxnetworkactivate.com
https://medium.com/@admin_84164/how-to-activate-fx-network-on-amazon-fire-stick-1160e8490aeb,http://www.fxnetworkactivate.com
https://medium.com/@fxnetworkactiva/how-to-activate-fx-network-on-amazon-fire-stick-1160e8490aeb,http://www.fxnetworkactivate.com
https://medium.com/@fxnetworkactiva/how-to-watch-fx-networks-channels-on-roku-cab5a77020f,http://www.fxnetworkactivate.com
https://medium.com/@fxnetworkactiva/titbits-on-fx-network-stream-548b1f51b414,http://www.fxnetworkactivate.com
https://medium.com/feed/@admin_84164,http://www.fxnetworkactivate.com
https://medium.com/feed/@fxnetworkactiva,http://www.fxnetworkactivate.com
https://oboclassifieds.com/details.php?ad=220253&,http://www.fxnetworkactivate.com
https://oyxter.com/q_activate+fx+now+on+roku/,http://www.fxnetworkactivate.com
https://reacttant.com/r/AtlantaTV/comments/8ui197/atlanta_session_3_on_fx_network,http://www.fxnetworkactivate.com
https://sites.google.com/site/fxnetworkactivate/home,http://www.fxnetworkactivate.com
https://start.me/p/2pKznQ/fxnetwok-activate,http://www.fxnetworkactivate.com
https://tampafl.global-free-classified-ads.com/listings/how-to-setup-and-activate-fx-networks-com-on-roku-it10779353.html,http://www.fxnetworkactivate.com
https://the-dots.com/pages/fx-network-activate-134437,http://www.fxnetworkactivate.com
https://the-dots.com/projects/activate-fx-network-on-roku-227530,http://www.fxnetworkactivate.com
https://www.212area.com/new-york-city/soho/business-professional-services/fx-network-activate.htm,http://www.fxnetworkactivate.com
https://www.813area.com/tampa/water-street/business-professional-services/fxnetworkactivate.htm,http://www.fxnetworkactivate.com
https://www.agreatertown.com/tampa_fl/fxnetworkactivate_0004550661,http://www.fxnetworkactivate.com
https://www.aileensoul.com/company/fxnetworkactivate-Tampa/details,http://www.fxnetworkactivate.com
https://www.allhitad.com/listing/screen-mirroring-with-your-android-or-windows-device/,http://www.fxnetworkactivate.com
https://www.auclassifieds.com.au/baskets-renewed-on-fx-for-season-4_i24321,http://www.fxnetworkactivate.com
https://www.bark.com/en/company/fxnetworkactivate/1Rpqg/,http://www.fxnetworkactivate.com
https://www.boredpanda.com/enjoy-the-endless-entertainment-on-fx-network/,http://www.fxnetworkactivate.com
https://www.boredpanda.com/need-to-activate-the-fxnetwork-channel/,http://www.fxnetworkactivate.com
https://www.businesslistings.net.au/internet_service_provider/tampa/fxnetworkactivate/304584.aspx,http://www.fxnetworkactivate.com
https://www.classifiedsgiant.com/644931-fxnetworkactivate/user_listings.html,http://www.fxnetworkactivate.com
https://www.drikdir.com/category.php?id=technology&page=11,http://www.fxnetworkactivate.com
https://www.drikdir.com/category.php?id=technology&page=14,http://www.fxnetworkactivate.com
https://www.drikdir.com/category.php?id=technology&page=8,http://www.fxnetworkactivate.com
https://www.flickr.com/photos/tags/fxnetworkactivate,http://www.fxnetworkactivate.com
https://www.flickr.com/photos/tags/fxnetworkactivate/,http://www.fxnetworkactivate.com
https://www.fxnetworks-com-activate-roku.com/category/fx-networks-activation-code/feed/,http://www.fxnetworkactivate.com
https://www.fxnetworks-com-activate-roku.com/fxnetworks-activate-roku-tv-code/,http://www.fxnetworkactivate.com
https://www.golocal247.com/biz/fxnetworkactivate/tampa-fl/1117618,http://www.fxnetworkactivate.com
https://www.kedna.com/ads/Computer-Services/Legion-renewed-for-season-3/638734.html,http://www.fxnetworkactivate.com
https://www.linkworld.us/author/fxnetworkactivate/,http://www.fxnetworkactivate.com
https://www.linkworld.us/story-tag/fx-network-activate/,http://www.fxnetworkactivate.com
https://www.linkworld.us/story/roku-3-remote/,http://www.fxnetworkactivate.com
https://www.merchantcircle.com/fxnetworkactivate-tampa-fl,http://www.fxnetworkactivate.com
https://www.merchantcircle.com/fxnetworkactivate1-tampa-fl,http://www.fxnetworkactivate.com
https://www.mycustomer.com/profile/fxnetworkactivate,http://www.fxnetworkactivate.com
https://www.mycustomer.com/profile/fxnetworkactivate?qt-my_activity=1,http://www.fxnetworkactivate.com
https://www.ogoing.com/fxnetworkactivate,http://www.fxnetworkactivate.com
https://www.okapixel.com/s_activate+fx+now+on+roku/,http://www.fxnetworkactivate.com
https://www.okapixel.com/s_activate+roku+account+free/,http://www.fxnetworkactivate.com
https://www.okapixel.com/s_fx+activate+device/,http://www.fxnetworkactivate.com
https://www.okapixel.com/s_fx+networks+activate+code/,http://www.fxnetworkactivate.com
https://www.okapixel.com/s_fx+networks+activate+roku/,http://www.fxnetworkactivate.com
https://www.okapixel.com/s_fx+networks+activate/,http://www.fxnetworkactivate.com
https://www.okapixel.com/s_fx+now+activate/,http://www.fxnetworkactivate.com
https://www.okapixel.com/s_fxnetworks+activate+enter+code+amazon+tv/,http://www.fxnetworkactivate.com
https://www.onoads.com/details.php?ad=220668&,http://www.fxnetworkactivate.com
https://www.profilecanada.com/companydetail.cfm?company=258083_fxnetworkactivate_Tamworth_ON,http://www.fxnetworkactivate.com
https://www.reddit.com/r/AtlantaTV/comments/8ui197/atlanta_session_3_on_fx_network/,http://www.fxnetworkactivate.com
https://www.reddit.com/r/entertainment/comments/8hmm6d/activate_fx_network_in_your_roku/,http://www.fxnetworkactivate.com
https://www.reddit.com/r/u_fxnetworkactivate/?utm_source=amp&utm_medium=top-posts-action,http://www.fxnetworkactivate.com
https://www.reddit.com/user/fxnetworkactivate,http://www.fxnetworkactivate.com
https://www.reddit.com/user/fxnetworkactivate/?ref=readnext,http://www.fxnetworkactivate.com
https://www.rokucomlinkaccount.com/fxnetworks-com-activate-roku/,http://www.fxnetworkactivate.com
https://www.scoop.it/t/fxnetworkactivate,http://www.fxnetworkactivate.com
https://www.scoop.it/t/fxnetworkactivate/?&tag=fxnetworks.com%2Factivate,http://www.fxnetworkactivate.com
https://www.scoop.it/t/fxnetworkactivate/p/4097479301/2018/05/07/fxnetworks-com-activate-fxnetworks-account-setup,http://www.fxnetworkactivate.com
https://www.scoop.it/t/fxnetworkactivate/p/4098625071/2018/06/20/how-to-setup-and-activate-fx-network-on-roku-streaming-device,http://www.fxnetworkactivate.com
https://www.scoop.it/t/fxnetworkactivate/p/4098757308/2018/06/26/how-to-setup-and-activate-fx-network-on-roku-streaming-device,http://www.fxnetworkactivate.com
https://www.spliotsko.tk/search/fxnetworks+activate+apple+tv/,http://www.fxnetworkactivate.com
https://www.spliotsko.tk/search/roku+fx+networks+activate+roku/,http://www.fxnetworkactivate.com
https://www.storeboard.com/fxnetworkactivate,http://www.fxnetworkactivate.com
https://www.storeboard.com/fxnetworkactivate2,http://www.fxnetworkactivate.com
https://www.storeboard.com/fxnetworkactivate2/images/need-to-activate-the-fxnetwork-channel/316998,http://www.fxnetworkactivate.com
https://www.tagozi.com/advert/screen-mirror-option-not-available-on-roku/,http://www.fxnetworkactivate.com
https://www.topdesignfirms.com/directory/usa/florida/tampa/fxnetworkactivate,http://www.fxnetworkactivate.com
https://www.trepup.com/fxnetworkactivate/post/1316133,http://www.fxnetworkactivate.com
https://www.trepup.com/fxnetworkactivate/timeline,http://www.fxnetworkactivate.com
https://www.webclassifieds.us/1481721/Baskets-Renewed-on-FX-for-season-4.html,http://www.fxnetworkactivate.com
https://www.youtube.com/channel/UC98BFrubP-Dkc3ma-Wc_9Jw,http://www.fxnetworkactivate.com
