Links,Website 
http://101.0.101.165/user.php?login=gorokuexpress,www.gorokuexpress.com
http://chicago.clicads.com/tdcs_devices-8413481.html,www.gorokuexpress.com
http://cotiinc.com/w_Go+Roku+Express/,www.gorokuexpress.com
http://egamingsupply.com/forum/member.php/40319-GoRokuExpress?tab=aboutme,www.gorokuexpress.com
http://egamingsupply.com/forum/member.php/40319-GoRokuExpress?tab=activitystream,www.gorokuexpress.com
http://egamingsupply.com/forum/member.php/40319-GoRokuExpress?tab=cat_itrader_stats,www.gorokuexpress.com
http://fbuddy.co/direct-tv-callnow.html,www.gorokuexpress.com
http://flegoo.com/for-sale/computers-hardware/roku-streaming-devices_i89829,www.gorokuexpress.com
http://flegoo.com/jobs/customer-service-call-center/purchase-the-tcl-55-inch-4k-ultra-hd-roku-smart-led-tv_i120448,www.gorokuexpress.com
http://flegoo.com/services/computer-tech-help/setup-help-technical-support-for-various-roku-issues_i129741,www.gorokuexpress.com
http://follr.us/Gorokurss/about,www.gorokuexpress.com
http://freead1.net/ad/2123788/hitachi-43-class-4k-uhd-hdr-tv-with-roku-tv.html,www.gorokuexpress.com
http://goroku-express.business.site/,www.gorokuexpress.com
http://gorokuexpress.blogspot.com/,www.gorokuexpress.com
http://gorokuexpress.blogspot.com/2018/,www.gorokuexpress.com
http://gorokuexpress.blogspot.com/2018/03/,www.gorokuexpress.com
http://gorokuexpress.blogspot.com/2018/03/youtube-activation-on-your-roku-express.html,www.gorokuexpress.com
http://gorokuexpress1.blog.fc2.com/,www.gorokuexpress.com
http://gorokuexpress1.blog.fc2.com/?xml,www.gorokuexpress.com
http://gorokuexpress1.blog.fc2.com/blog-category-0.html,www.gorokuexpress.com
http://gorokuexpress1.blog.fc2.com/blog-date-201804.html,www.gorokuexpress.com
http://gorokuexpress1.blog.fc2.com/blog-entry-1.html,www.gorokuexpress.com
http://gorokuexpress1.blog.fc2.com/blog-entry-2.html,www.gorokuexpress.com
http://gorokuexpress1.blog.fc2.com/blog-entry-3.html,www.gorokuexpress.com
http://gorokuexpress1.blog.fc2.com/blog-entry-4.html,www.gorokuexpress.com
http://hnpaper.forge.partlab.io/top/months?page=2471,www.gorokuexpress.com
http://hnpaper.forge.partlab.io/u/gorokuwireless,www.gorokuexpress.com
http://jraces.com/s_about+roku+express/,www.gorokuexpress.com
http://jraces.com/s_go+roku+express+plus/,www.gorokuexpress.com
http://jraces.com/s_go+roku+express/,www.gorokuexpress.com
http://jraces.com/s_go+roku+remote+help/,www.gorokuexpress.com
http://jraces.com/s_how+to+activate+roku+express/,www.gorokuexpress.com
http://jraces.com/s_roku+express+setup/,www.gorokuexpress.com
http://listitsellit.us/services/computer/roku-streaming-devices_i23452,www.gorokuexpress.com
http://local.exactseek.com/detail/go-roku-express-494646,www.gorokuexpress.com
http://local.exactseek.com/location/tampa-3930,www.gorokuexpress.com
http://localwall.net/advert/activate-roku-express-device/,www.gorokuexpress.com
http://lookbook.nu/gorokuexpres,www.gorokuexpress.com
http://lookbook.nu/gorokuexpress,www.gorokuexpress.com
http://lookbook.nu/gorokuexpress1,www.gorokuexpress.com
http://m.cot.readthedocs.io/projects/gorokuexpress/,www.gorokuexpress.com
http://m.django-edge.readthedocs.io/projects/gorokuexpress/,www.gorokuexpress.com
http://m.khmer.readthedocs.io/projects/gorokuexpress/,www.gorokuexpress.com
http://m.kirschnbot.readthedocs.io/projects/gorokuexpress/,www.gorokuexpress.com
http://m.pyrtl.readthedocs.io/projects/gorokuexpress/,www.gorokuexpress.com
http://m.quick.readthedocs.io/projects/gorokuexpress/,www.gorokuexpress.com
http://m.retrypy.readthedocs.io/projects/gorokuexpress/,www.gorokuexpress.com
http://mobile.nsepy.readthedocs.io/projects/gorokuexpress/,www.gorokuexpress.com
http://mobile.troia.readthedocs.io/projects/gorokuexpress/,www.gorokuexpress.com
http://moneywrap.info/high-bandwidth-digital-content-protection-%E0%B8%84%E0%B8%B7%E0%B8%AD,www.gorokuexpress.com
http://my-company-profile.com/Business/Telecommunication/gorokuexpress-l18536.html,www.gorokuexpress.com
http://sbm14.16mb.com/story.php?title=youtube-activation-on-your-roku,www.gorokuexpress.com
http://software.0.readthedocs.io/projects/gorokuexpress/,www.gorokuexpress.com
http://tallahassee.clicads.com/technical_support_to_setup_roku_device-8429374.html,www.gorokuexpress.com
http://tampa.businesslistus.com/business/5164861.htm,www.gorokuexpress.com
http://tampa.clicads.com/hbo_go_application_on_roku_device-8376831.html,www.gorokuexpress.com
http://tampa.clicads.com/stream_your_favorite_shows_on_fx_networks-8377197.html,www.gorokuexpress.com
http://vr2020.cn/support/t16883175-39_t_connect_localnetwork,www.gorokuexpress.com
http://vr2020.cn/support/t25812865-log_when_s_not_giving_me_keyboard,www.gorokuexpress.com
http://vr2020.cn/support/t26617375-bring_menu_up_roku_express_u_please,www.gorokuexpress.com
http://vr2020.cn/support/t26706426-roku_express_unable_find_network,www.gorokuexpress.com
http://vr2020.cn/support/t26710816-making_roku_express_work_in_motel,www.gorokuexpress.com
http://vr2020.cn/support/t26916422-roku_com_link_code_help_call_toll_free_1,www.gorokuexpress.com
http://vr2020.cn/support/t26930764-forget_roku_activatin_code_give_me_any,www.gorokuexpress.com
http://webmii.com/gorokuexpress,www.gorokuexpress.com
http://worldads.us/computers-internet/ultimate-roku-technical-support.html,www.gorokuexpress.com
http://www.authorstream.com/gorokuexpress/,www.gorokuexpress.com
http://www.billburg.com/shops-and-services/gorokuexpress,www.gorokuexpress.com
http://www.bookmarkpocket.com/troubleshooting-service-available-for-roku/,www.gorokuexpress.com
http://www.callupcontact.com/b/businessprofile/gorokuexpress/7017693,www.gorokuexpress.com
http://www.classtize.com/view/how-to-activate-roku-channels-959524,www.gorokuexpress.com
http://www.clicads.com/streaming_roku_device-8445500.html,www.gorokuexpress.com
http://www.festivals.ipt.pw/News/get-started-with-roku-plex-private-channel/,www.gorokuexpress.com
http://www.festivals.ipt.pw/user/gorokuexpress/,www.gorokuexpress.com
http://www.festivals.ipt.pw/user/gorokuexpress/history/,www.gorokuexpress.com
http://www.festivals.ipt.pw/user/gorokuexpress/published/,www.gorokuexpress.com
http://www.festivals.ipt.pw/user/gorokuexpress/upvoted/,www.gorokuexpress.com
http://www.fixya.com/support/p1747555-mitsubishi_mitsubishi_wd_65638_65_in_hd/solutions/page-167,www.gorokuexpress.com
http://www.fixya.com/support/p509601-recoton_advent_l2711a_27_in_lcd/page-4,www.gorokuexpress.com
http://www.fixya.com/support/p532204-trutech_plv16320_television/solutions/page-138,www.gorokuexpress.com
http://www.fixya.com/support/p534067-syntax_olevia_527_s11_television/page-7,www.gorokuexpress.com
http://www.fixya.com/support/p689674-denon_blu_ray_disc_player_1080p_output/solutions/page-171,www.gorokuexpress.com
http://www.fixya.com/support/t17283269-roku_streaming_device_froze_blue_screen,www.gorokuexpress.com
http://www.fixya.com/support/t23920119-internal_error,www.gorokuexpress.com
http://www.fixya.com/support/t24212479-roku_com_support,www.gorokuexpress.com
http://www.fixya.com/support/t26294613-activate_e_now_code_but_website_give_me,www.gorokuexpress.com
http://www.fixya.com/support/t26441316-jailbreak_roku_express,www.gorokuexpress.com
http://www.fixya.com/support/t26511887-steps_fix_right_now_media_streaming,www.gorokuexpress.com
http://www.fixya.com/support/t26528276-get_roku_express_paired_tv,www.gorokuexpress.com
http://www.fixya.com/support/t26804683-ew_roku_express_shows_error_code_005,www.gorokuexpress.com
http://www.fixya.com/support/t26830106-user_manual_roku_device_d_number,www.gorokuexpress.com
http://www.fixya.com/support/t26830276-get_little_boxes_off_tv_screen,www.gorokuexpress.com
http://www.fixya.com/support/t26858517-setting_up_roku_express_sideclick,www.gorokuexpress.com
http://www.fixya.com/support/t26875150-roku_wont_finish_completed_everything,www.gorokuexpress.com
http://www.fixya.com/support/t26893566-getting_message_running_lower,www.gorokuexpress.com
http://www.fixya.com/support/t26915214-activate_roku_code,www.gorokuexpress.com
http://www.fixya.com/support/t26916422-roku_com_link_code_help_call_toll_free_1,www.gorokuexpress.com
http://www.fixya.com/troubleshoot/acer/televisions_video/al/solutions/page-188,www.gorokuexpress.com
http://www.fixya.com/troubleshoot/acer/televisions_video/al/solutions/page-192,www.gorokuexpress.com
http://www.fixya.com/troubleshoot/acer/televisions_video/al/solutions/page-193,www.gorokuexpress.com
http://www.fixya.com/troubleshoot/acer/televisions_video/al/solutions/page-194,www.gorokuexpress.com
http://www.fixya.com/troubleshoot/alba/televisions_video/xjr_1300_sp/popular/page-156,www.gorokuexpress.com
http://www.fixya.com/troubleshoot/apple/televisions_video/ipod/popular/page-117,www.gorokuexpress.com
http://www.fixya.com/troubleshoot/apple/televisions_video/ipod/popular/page-134,www.gorokuexpress.com
http://www.fixya.com/troubleshoot/audiovox/televisions_video/club/popular/page-184,www.gorokuexpress.com
http://www.fixya.com/troubleshoot/avermedia/televisions_video/avertv/popular/page-153,www.gorokuexpress.com
http://www.fixya.com/troubleshoot/avermedia/televisions_video/mp/popular/page-146,www.gorokuexpress.com
http://www.fixya.com/troubleshoot/bush/televisions_video/xvs_1100_dragstar_classic_1/popular/page-178,www.gorokuexpress.com
http://www.fixya.com/troubleshoot/canon/televisions_video/pixma/popular/page-148,www.gorokuexpress.com
http://www.fixya.com/troubleshoot/compaq/televisions_video/ipaq_2/popular/page-146,www.gorokuexpress.com
http://www.fixya.com/troubleshoot/d_link/televisions_video/dvr/popular/page-137,www.gorokuexpress.com
http://www.fixya.com/troubleshoot/garmin/televisions_video/nuvi/popular/page-147,www.gorokuexpress.com
http://www.fixya.com/troubleshoot/garmin/televisions_video/nuvi/solutions/page-168,www.gorokuexpress.com
http://www.fixya.com/troubleshoot/garmin/televisions_video/nuvi/solutions/page-169,www.gorokuexpress.com
http://www.fixya.com/troubleshoot/geovision/televisions_video/gv/popular/page-149,www.gorokuexpress.com
http://www.fixya.com/troubleshoot/haier/televisions_video/hl/popular/page-178,www.gorokuexpress.com
http://www.fixya.com/troubleshoot/hauppauge/televisions_video/wintv/popular/page-150,www.gorokuexpress.com
http://www.fixya.com/troubleshoot/humax/televisions_video/black_classic/popular/page-162,www.gorokuexpress.com
http://www.fixya.com/troubleshoot/husqvarna/televisions_video/te_510/popular/page-149,www.gorokuexpress.com
http://www.fixya.com/troubleshoot/leadtek/televisions_video/winfast/popular/page-134,www.gorokuexpress.com
http://www.fixya.com/troubleshoot/lexmark/dvd_players/t/solutions/page-167,www.gorokuexpress.com
http://www.fixya.com/troubleshoot/lexmark/televisions_video/t/solutions/page-167,www.gorokuexpress.com
http://www.fixya.com/troubleshoot/lexmark/televisions_video/x/solutions/page-167,www.gorokuexpress.com
http://www.fixya.com/troubleshoot/maxdata/televisions_video/belinea/popular/page-145,www.gorokuexpress.com
http://www.fixya.com/troubleshoot/nissan/televisions_video/titan/popular/page-146,www.gorokuexpress.com
http://www.fixya.com/troubleshoot/nokia/televisions_video/n/popular/page-149,www.gorokuexpress.com
http://www.fixya.com/troubleshoot/pinnacle/televisions_video/dazzle/popular/page-164,www.gorokuexpress.com
http://www.fixya.com/troubleshoot/princeton_digital/televisions_video/vl/popular/page-145,www.gorokuexpress.com
http://www.fixya.com/troubleshoot/v_stream/televisions_video/xpert/popular/page-150,www.gorokuexpress.com
http://www.fixya.com/troubleshoot/viewcast/televisions_video/osprey/popular/page-135,www.gorokuexpress.com
http://www.fixya.com/troubleshoot/viewcast/televisions_video/osprey/popular/page-143,www.gorokuexpress.com
http://www.flickr.com/photos/tags/streamingdevice/,www.gorokuexpress.com
http://www.fmclassifieds.com/readad.php?m=100614,www.gorokuexpress.com
http://www.fotobabble.com/l/Gorokuexpress;jsessionid=245A8A78F86EC1431343A5B87AD5835D,www.gorokuexpress.com
http://www.fotobabble.com/m/dGpWOFRnbjhtMzA9,www.gorokuexpress.com
http://www.fotothing.com/gorokuexpress/photo/0acd8941bc21c3f619a0d11e55fc5390/,www.gorokuexpress.com
http://www.fotothing.com/gorokuexpress/photo/758bd60268039831efefe8e88d11f430/,www.gorokuexpress.com
http://www.golocalclassified.com/services/computer/roku-cord-cutting-tips_i4390,www.gorokuexpress.com
http://www.golocalclassified.com/user/profile/1358,www.gorokuexpress.com
http://www.jraces.com/s_goroku+com+hdcp/,www.gorokuexpress.com
http://www.kedna.com/ads/Computer-Services/How-to-Choose-Connections-for-gorokucomexpress/634791.html,www.gorokuexpress.com
http://www.linkworld.us/author/gorokuexpress/,www.gorokuexpress.com
http://www.linkworld.us/story-tag/roku-express/,www.gorokuexpress.com
http://www.linkworld.us/story-tag/roku/,www.gorokuexpress.com
http://www.otd.to/entertainment/find-the-most-awaited-roku-express-review-of-2018/,www.gorokuexpress.com
http://www.pearltrees.com/gorokuexpress/item215423046,www.gorokuexpress.com
http://www.sayingsweb.com/sayings/hdcp-error-sayings-feaeb4.html,www.gorokuexpress.com
http://www.sayingsweb.com/sayings/hdcp-unauthorised-sayings-b84da4.html,www.gorokuexpress.com
http://www.sayingsweb.com/sayings/roku-hdcp-sayings-060cbd.html,www.gorokuexpress.com
http://www.sphynx-forum-ireland.com/u4963_Gorokuexpress.html,www.gorokuexpress.com
http://www.spoke.com/companies/go-roku-express-5ac5ea763413f65c12030a41,www.gorokuexpress.com
http://www.support-services.ipt.pw/user/gorokuexpress/,www.gorokuexpress.com
http://www.support-services.ipt.pw/user/gorokuexpress/followers/,www.gorokuexpress.com
http://www.support-services.ipt.pw/user/gorokuexpress/following/,www.gorokuexpress.com
http://www.support-services.ipt.pw/user/gorokuexpress/history/,www.gorokuexpress.com
http://www.support-services.ipt.pw/user/gorokuexpress/published/,www.gorokuexpress.com
http://www.support-services.ipt.pw/user/gorokuexpress/upvoted/,www.gorokuexpress.com
http://www.updatesee.com/post/18448/Use-The-Roku-Express-Troubleshooting-Guidelines,www.gorokuexpress.com
http://www.updatesee.com/post/2313/Find-The-Most-Awaited-Roku-Express-Review-Of-2018,www.gorokuexpress.com
http://www.vr2020.cn/support/t17283269-roku_streaming_device_froze_blue_screen,www.gorokuexpress.com
http://www.vr2020.cn/support/t22282739-give_me_step_step_procedure_connect_pc,www.gorokuexpress.com
http://www.vr2020.cn/support/t26441316-jailbreak_roku_express,www.gorokuexpress.com
http://www.vr2020.cn/support/t26804683-ew_roku_express_shows_error_code_005,www.gorokuexpress.com
http://www.vr2020.cn/support/t26830106-user_manual_roku_device_d_number,www.gorokuexpress.com
http://www.vr2020.cn/support/t26830276-get_little_boxes_off_tv_screen,www.gorokuexpress.com
http://www.vr2020.cn/support/t26854764-roku_express_jail_break,www.gorokuexpress.com
http://www.vr2020.cn/support/t26858517-setting_up_roku_express_sideclick,www.gorokuexpress.com
http://www.vr2020.cn/support/t26875150-roku_wont_finish_completed_everything,www.gorokuexpress.com
http://www.vr2020.cn/support/t26893566-getting_message_running_lower,www.gorokuexpress.com
http://www.vr2020.cn/support/t26915214-activate_roku_code,www.gorokuexpress.com
http://www.vr2020.cn/support/t26937611-problem_in_roku_device_want,www.gorokuexpress.com
http://www.web-promotion.ipt.pw/News/get-started-with-roku-plex-private-channel/,www.gorokuexpress.com
http://www.web-promotion.ipt.pw/News/the-ultimate-cord-cutting-guide-roku-cord-cutting-tips/,www.gorokuexpress.com
https://500px.com/gorokuexpress,www.gorokuexpress.com
https://adsark.com/0/classified-ad/4-Services/14-Entertainment/28006-Get-Support-for-Roku-Channel-Activation.html,www.gorokuexpress.com
https://adsark.com/0/classified-ad/4-Services/14-Entertainment/33123-Roku-Setup-Help-amp-Technical-Support-1-866-990-7120-.html,www.gorokuexpress.com
https://adsark.com/197/classified-ad/4-Services/14-Entertainment/34661-Get-24-7-Technical-Support-Help-for-Roku.html,www.gorokuexpress.com
https://app.ideahunt.io/coach/campaigns/know-more-about-roku/brief,www.gorokuexpress.com
https://creativemarket.com/Gorokuexpress/activity,www.gorokuexpress.com
https://creativemarket.com/Gorokuexpress/collections,www.gorokuexpress.com
https://creativemarket.com/Gorokuexpress/followers,www.gorokuexpress.com
https://creativemarket.com/Gorokuexpress/likes,www.gorokuexpress.com
https://enetget.com/gorokuexpress,www.gorokuexpress.com
https://enetget.com/gorokuexpress/following,www.gorokuexpress.com
https://enetget.com/gorokuexpress/likes,www.gorokuexpress.com
https://github.com/Gorokuexpress,www.gorokuexpress.com
https://github.com/Gorokuexpress?tab=followers,www.gorokuexpress.com
https://github.com/Gorokuexpress?tab=following,www.gorokuexpress.com
https://github.com/Gorokuexpress?tab=repositories,www.gorokuexpress.com
https://github.com/Gorokuexpress?tab=stars,www.gorokuexpress.com
https://gorokuexpress.yolasite.com/,www.gorokuexpress.com
https://gorokuexpress.yolasite.com/blog.php,www.gorokuexpress.com
https://gust.com/companies/gorokuexpress,www.gorokuexpress.com
https://hairstails.co/www-hbogo-com-help-on-your-computer/,www.gorokuexpress.com
https://hub.fm/update-roku-firmware-manually-55612.html,www.gorokuexpress.com
https://imgur.com/a/kFj30,www.gorokuexpress.com
https://imgur.com/u4v1Phh,www.gorokuexpress.com
https://issuu.com/gorokuexpress,www.gorokuexpress.com
https://list.ly/list/1qvm-roku-streaming-devices,www.gorokuexpress.com
https://log.quora.com/What-show-should-I-watch-on-Netflix?_escaped_fragment_=n=12,www.gorokuexpress.com
https://logopond.com/Gorokuexpress/profile/279107,www.gorokuexpress.com
https://logopond.com/Gorokuexpress/profile/279107/?gallery=&filter=F,www.gorokuexpress.com
https://logopond.com/Gorokuexpress/profile/followers/279107/?gallery=profile&filter=&page=,www.gorokuexpress.com
https://m.pex.readthedocs.io/projects/gorokuexpress/,www.gorokuexpress.com
https://m.ultimate-datatable.readthedocs.io/projects/gorokuexpress/,www.gorokuexpress.com
https://medium.com/@Gorokuexpress/activation-of-roku-account-b4a7c039b06,www.gorokuexpress.com
https://medium.com/@Gorokuexpress/how-to-create-or-update-the-pin-for-your-roku-account-53242303076e,www.gorokuexpress.com
https://mobile.jupyter-notebook.readthedocs.io/projects/gorokuexpress/,www.gorokuexpress.com
https://oyxter.com/q_how+to+pair+roku+remote/,www.gorokuexpress.com
https://readthedocs.org/projects/gorokuexpress/,www.gorokuexpress.com
https://seositecheckup.com/seo-audit/www.gorokuexpress.com,www.gorokuexpress.com
https://sites.google.com/site/gorokuexpress,www.gorokuexpress.com
https://sites.google.com/site/gorokuexpress/home/newonnetflixinapril2018,www.gorokuexpress.com
https://sites.google.com/site/gorokuexpress/home/posts.xml,www.gorokuexpress.com
https://start.me/p/aLloM8/goroku-express,www.gorokuexpress.com
https://tampa.opendi.us/A/10.html,www.gorokuexpress.com
https://tampa.opendi.us/O/143.html,www.gorokuexpress.com
https://tampa.storeboard.com/classifieds/services/computer-software/-roku-streaming-devices-/199564,www.gorokuexpress.com
https://tampafl.global-free-classified-ads.com/listings/need-technical-support-to-activate-roku-account-it10706444.html,www.gorokuexpress.com
https://the-dots.com/pages/go-roku-express-135499,www.gorokuexpress.com
https://the-dots.com/projects/how-to-activate-hulu-plus-channel-on-roku-229593,www.gorokuexpress.com
https://the-dots.com/projects/how-to-create-or-update-the-pin-for-your-roku-account-225899,www.gorokuexpress.com
https://variety.com/2018/tv/reviews/for-the-people-review-abc-shondaland-1202725693/,www.gorokuexpress.com
https://www.agreatertown.com/tampa_fl/gorokuexpress_0004550511,www.gorokuexpress.com
https://www.aileensoul.com/company/gorokuexpress-Tampa/details,www.gorokuexpress.com
https://www.bark.com/en/company/go-roku-express/R6eGN/,www.gorokuexpress.com
https://www.behance.net/info071eabc2,www.gorokuexpress.com
https://www.behance.net/info071eabc2/followers,www.gorokuexpress.com
https://www.behance.net/info071eabc2/following,www.gorokuexpress.com
https://www.boredpanda.com/activate-youtube-on-roku/,www.gorokuexpress.com
https://www.elenaeustache.info/users/gorokuexpress/,www.gorokuexpress.com
https://www.expatads.com/United-States/10/ads/13/24/19194368-Know-More-About-The-Roku-Express.html,www.gorokuexpress.com
https://www.flickr.com/people/141885492@N03/,www.gorokuexpress.com
https://www.flickr.com/photos/155015811@N07/27992853338,www.gorokuexpress.com
https://www.flickr.com/photos/tags/streamingdevice,www.gorokuexpress.com
https://www.getfave.com/26605160-go-roku-express,www.gorokuexpress.com
https://www.homewhiz.co/wiring/hbo-go-roku.html,www.gorokuexpress.com
https://www.kid-lit.com/s_roku+express/,www.gorokuexpress.com
https://www.kudzu.com/m/Go-Roku-Express-62816545,www.gorokuexpress.com
https://www.linkworld.us/author/gorokuexpress1/,www.gorokuexpress.com
https://www.linkworld.us/story/get-reviews-on-roku-express/,www.gorokuexpress.com
https://www.linkworld.us/story/get-roku-instant-technical-support-1-866-990-7120/,www.gorokuexpress.com
https://www.merchantcircle.com/goroku-express-tampa-fl,www.gorokuexpress.com
https://www.mycustomer.com/profile/gorokuexpress,www.gorokuexpress.com
https://www.oyxter.com/q_roku+2018+reviews/,www.gorokuexpress.com
https://www.pinterest.com.au/pin/661747738970722356/,www.gorokuexpress.com
https://www.pinterest.com.au/social6927/,www.gorokuexpress.com
https://www.pinterest.com/gorokuexpress/,www.gorokuexpress.com
https://www.pinterest.com/pin/661747738970722356/,www.gorokuexpress.com
https://www.profilecanada.com/companydetail.cfm?company=257816_gorokuexpress_Tamworth_ON,www.gorokuexpress.com
https://www.quora.com/How-do-I-fix-common-Roku-issues,www.gorokuexpress.com
https://www.quora.com/How-do-I-fix-common-Roku-issues/answer/Macy-Kaelyn,www.gorokuexpress.com
https://www.quora.com/What-show-should-I-watch-on-Netflix,www.gorokuexpress.com
https://www.quora.com/What-show-should-I-watch-on-Netflix/answer/Keria-Helan,www.gorokuexpress.com
https://www.quora.com/Where-can-I-find-and-enter-a-Roku-link-code-into-a-Roku-account,www.gorokuexpress.com
https://www.quora.com/Where-can-I-find-and-enter-a-Roku-link-code-into-a-Roku-account/answer/Chan-Jackie-15,www.gorokuexpress.com
https://www.reddit.com/domain/gorokuexpress.com/,www.gorokuexpress.com
https://www.reddit.com/r/Roku/comments/8kjkdx/national_streaming_day_on_may_20_roku/,www.gorokuexpress.com
https://www.reddit.com/r/u_gorokuexpress/?utm_source=amp&utm_medium=post_header,www.gorokuexpress.com
https://www.reddit.com/r/u_gorokuwireless/?utm_source=amp&utm_medium=top-posts-action,www.gorokuexpress.com
https://www.reddit.com/user/gorokuexpress,www.gorokuexpress.com
https://www.reddit.com/user/gorokuexpress/comments/83ebnk/know_more_information_about_the_roku_express_and/,www.gorokuexpress.com
https://www.reddit.com/user/gorokuexpress/posts/,www.gorokuexpress.com
https://www.scoop.it/t/roku-streaming-devices,www.gorokuexpress.com
https://www.scoop.it/t/roku-streaming-devices/p/4090575988/2017/12/11/roku-streaming-devices,www.gorokuexpress.com
https://www.scoop.it/t/roku-streaming-devices/p/4096588359/2018/04/05/go-roku-com-express-activate-roku-com-link-roku-help-and-setup,www.gorokuexpress.com
https://www.smartguy.com/gorokuexpress,www.gorokuexpress.com
https://www.smartguy.com/index.php/rokuexpress,www.gorokuexpress.com
https://www.storeboard.com/classifieds/services/entertainment/join-roku-in-celebrating-national-streaming-day-/223443,www.gorokuexpress.com
https://www.storeboard.com/gorokue,www.gorokuexpress.com
https://www.storeboard.com/gorokue/images/our-best-programs-for-national-streaming-day-/314274,www.gorokuexpress.com
https://www.storeboard.com/gorokuexpress1,www.gorokuexpress.com
https://www.topdesignfirms.com/directory/usa/florida/tampa/gorokuexpress,www.gorokuexpress.com
https://www.trepup.com/gorokuexpress/post/1315950,www.gorokuexpress.com
https://www.trepup.com/gorokuexpress/timeline,www.gorokuexpress.com
https://www.trover.com/u/gorokuexpress,www.gorokuexpress.com
https://www.trover.com/u/gorokuexpress/followers,www.gorokuexpress.com
https://www.usafreelisting.org/Activate_DIRECTV_NOW_Roku_channel-516654-p.html,www.gorokuexpress.com
