Links,Website
http://1bodyweighttraining.com/think-big/,www.cheapskyfares.com
http://1fungrltravels.com/archives/2608,www.cheapskyfares.com
http://1fungrltravels.com/archives/2608/feed,www.cheapskyfares.com
http://1fungrltravels.com/travel-tips/7-quick-tips-to-travel-on-a-budget,www.cheapskyfares.com
http://1fungrltravels.com/travel-tips/7-quick-tips-to-travel-on-a-budget/feed,www.cheapskyfares.com
http://axispension.com/malawi/resources/latest-news/item/2-axis-pension-trust-excels-at-2nd-africa-p.html?start=63950,www.cheapskyfares.com
http://bbs-ql.zulong.com/home.php?mod=space&username=AdelaideBl,www.cheapskyfares.com
http://bbs.ynmy.com/?1809430,www.cheapskyfares.com
http://benzcobra.com/lamborghini-aventador-lp700-4-roadster/comment-page-141/,www.cheapskyfares.com
http://cpakgulf.org/2014/04/08/post-elections-afghanistan-challenges-and-prospects/74059522_740593031/comment-page-384/,www.cheapskyfares.com
http://cpakgulf.org/2017/07/27/iran-nuclear-program/iran-nuclear-program/comment-page-490/,www.cheapskyfares.com
http://etaaps.org/Travel/?p=400,www.cheapskyfares.com
http://franklomusic.com/index.php/component/vitabook/?start=410925,www.cheapskyfares.com
http://haberarnhem.nl/2016/03/27/luxor-live-programma-komende-twee-weken/,www.cheapskyfares.com
http://hbnu.org/recreation_and_sports/travel/?p=160,www.cheapskyfares.com
http://hhxpressen.dk/2017/02/03/holder-uddannelsesmulighederne-paa-den-unge-generation/comment-page-4261/,www.cheapskyfares.com
http://kramfs.com/starhub-home-zone-fem-to-cell-implementation/comment-page-932/,www.cheapskyfares.com
http://ligamac.org/spanish/index.php/component/k2/item/101-asistencia-medicastart=0cache=yes?start=167520,www.cheapskyfares.com
http://ltgovfl.com/top-flight-booking-sites-usa,www.cheapskyfares.com
http://mattarch.com/motivational-monday-007-eckhart-tolle/comment-page-475/,www.cheapskyfares.com
http://mertxemanso.com/libro-de-visitas?g2_fromNavId=x41f3d4b3&start=7665,www.cheapskyfares.com
http://michaelclarke123.strikingly.com/,www.cheapskyfares.com
http://michaelclarke123.strikingly.com/blog/12-things-i-d-tell-any-new-traveler,www.cheapskyfares.com
http://modoopinion.com/pais/2842-equipos-usados-en-elecciones-del-2016-no-sirven-para-otros-procesos?g2_fromNavId=x6cb88d91&limit=10&start=14360,www.cheapskyfares.com
http://modoopinion.com/pais/2842-equipos-usados-en-elecciones-del-2016-no-sirven-para-otros-procesos?g2_fromNavId=x6cb88d91&limit=10&start=23320,www.cheapskyfares.com
http://modoopinion.com/pais/2842-equipos-usados-en-elecciones-del-2016-no-sirven-para-otros-procesos?g2_fromNavId=x6cb88d91&limit=10&start=96980,www.cheapskyfares.com
http://modoopinion.com/pais/2842-equipos-usados-en-elecciones-del-2016-no-sirven-para-otros-procesos?rvnl=wpcpground.php?cat=usaia&limit=10&start=96140,www.cheapskyfares.com
http://modoopinion.com/pais/2842-equipos-usados-en-elecciones-del-2016-no-sirven-para-otros-procesos?vurl2=_DOMTEST_&limit=10&start=23960,www.cheapskyfares.com
http://n18s.com/une-femme-par-accident-recoit-une-facture-delectricite-de-284-milliards-de-dollars/comment-page-6/,www.cheapskyfares.com
http://n29660ke.beget.tech/9399/quickly-%26-easily-find-cheap-flight-with-cheapskyflight-com,www.cheapskyfares.com
http://nomadsct.com/events/item/453-paint-nite-7-00pm/453-paint-nite-7-00pm?start=73500,www.cheapskyfares.com
http://novaedge.in/blog/?wysijap=subscriptions&cpage=1089,www.cheapskyfares.com
http://plugins.atterberry.net/?page_id=36&cpage=4727,www.cheapskyfares.com
http://ppsdmkebtke.esdm.go.id/component/vitabook/?g2_fromNavId=x4a03f4dd&start=646125,www.cheapskyfares.com
http://ppsdmkebtke.esdm.go.id/component/vitabook/?g2_fromNavId=x4a03f4dd&start=647150,www.cheapskyfares.com
http://saoc.com.ec/index.php/component/k2/item/15-cameron-sets-out-eu?Itemid=498&comment=135&start=96800,www.cheapskyfares.com
http://sky-ink.keenion.ru/sky/forum/memberlist.php?mode=joined&order=DESC&start=112750&sid=01fbc44953be33ea1f055f4bfdcfd3da,www.cheapskyfares.com
http://tripura4u.com/v2/?p=606&cpage=9,www.cheapskyfares.com
http://vagabonddirectory.com/quickly-easily-find-cheap-flight-with-cheapskyflight-com/,www.cheapskyfares.com
http://videotarts.com/video/pr6uO7n82eQ/how-to-get-the-cheapest-flight-to-anywhere.html,www.cheapskyfares.com
http://vr2020.cn/support/t25596599-get_more_information_about_tips,www.cheapskyfares.com
http://vr2020.cn/support/t26116352-best_season_booking_tickets_italy,www.cheapskyfares.com
http://vr2020.cn/support/t26245140-get_cheap_flight_deal_honolulu_time,www.cheapskyfares.com
http://vr2020.cn/support/t26531791-any_limit_book_flight_tickets_from,www.cheapskyfares.com
http://vr2020.cn/support/t26848311-in_online_tour_travel_site_offer_2_night,www.cheapskyfares.com
http://vr2020.cn/support/t27018412-when_may_get_lowest_air_fare,www.cheapskyfares.com
http://vr2020.cn/support/t2856128-want_source_code_online_ticket_booking,www.cheapskyfares.com
http://www.dbf-formation.fr/component/k2/item/298-aliquam-eu-justo-eu-ipsum-ultricies?start=1660,www.cheapskyfares.com
http://www.dbf-formation.fr/component/k2/item/298-aliquam-eu-justo-eu-ipsum-ultricies?start=1670,www.cheapskyfares.com
http://www.deliverzip.com/listings/cheap-flight-tickets-fare/,www.cheapskyfares.com
http://www.fixya.com/support/p2482888-www_epymtservice_com/solutions/page-171,www.cheapskyfares.com
http://www.fixya.com/support/p2683250-gigabyte_gaz68xud4b3_gaz68xud4b3_motherb/solutions/page-188,www.cheapskyfares.com
http://www.fixya.com/support/p512111-supermicro_x7dal_e_mbd_x7dal_e_o/solutions/page-75,www.cheapskyfares.com
http://www.fixya.com/support/p701682-axis_communications_axis_216mfd_network/solutions/page-187,www.cheapskyfares.com
http://www.fixya.com/support/t14827473-need_some_guidance_about_world_traveling,www.cheapskyfares.com
http://www.fixya.com/support/t26245102-book_cheap_flight_tickets_atlanta,www.cheapskyfares.com
http://www.fixya.com/support/t26245140-get_cheap_flight_deal_honolulu_time,www.cheapskyfares.com
http://www.fixya.com/support/t26334877-booked_flight_tripsta_travel_air_china,www.cheapskyfares.com
http://www.fixya.com/support/t26377607-best_app_offers_discounts_used_in,www.cheapskyfares.com
http://www.fixya.com/support/t26514514-book_flight_tickets_from_travel_agency,www.cheapskyfares.com
http://www.fixya.com/support/t26525209-safe_travel_in_cheap_flights,www.cheapskyfares.com
http://www.fixya.com/support/t26537992-find_cheap_flight_tickets,www.cheapskyfares.com
http://www.fixya.com/support/t26660787-anytime_under_fare_flight_mean_return,www.cheapskyfares.com
http://www.fixya.com/support/t26708867-any_discount_tickets_dollywood_in_pigeon,www.cheapskyfares.com
http://www.fixya.com/support/t26733385-lost_booked_train_ticket_want_travel,www.cheapskyfares.com
http://www.fixya.com/support/t26822858-in_online_sites_get_best_xbox_switch,www.cheapskyfares.com
http://www.fixya.com/support/t26833841-get_information_about_flight_tickets,www.cheapskyfares.com
http://www.fixya.com/support/t26848311-in_online_tour_travel_site_offer_2_night,www.cheapskyfares.com
http://www.fixya.com/support/t26958138-one_book_cheap_flights_india_from_usa,www.cheapskyfares.com
http://www.fixya.com/support/t26969056-cash_airfares_credited_without_confirmed,www.cheapskyfares.com
http://www.fixya.com/support/t26995813-book_cheap_flight_tickets_new_york,www.cheapskyfares.com
http://www.fixya.com/support/t26995814-want_book_cheap_flight_tickets_new_york,www.cheapskyfares.com
http://www.fixya.com/support/t27018412-when_may_get_lowest_air_fare,www.cheapskyfares.com
http://www.fixya.com/support/t27023070-different_classes_booked_international,www.cheapskyfares.com
http://www.fixya.com/support/t8642924-buy_domestic_or,www.cheapskyfares.com
http://www.fixya.com/troubleshoot/ibuypower/computers/chimera/solutions/page-190,www.cheapskyfares.com
http://www.fixya.com/troubleshoot/mitsubishi/computers/wd/solutions/page-191,www.cheapskyfares.com
http://www.fixya.com/troubleshoot/oki/computers/c/solutions/page-171,www.cheapskyfares.com
http://www.fixya.com/troubleshoot/st_bernard_software/computers/iprism/solutions/page-175,www.cheapskyfares.com
http://www.fixya.com/troubleshoot/st_bernard_software/computers/iprism/solutions/page-176,www.cheapskyfares.com
http://www.homerepair101.com/forums/member.php?2177-AlicaChapp&tab=activitystream&type=friends&page=2,www.cheapskyfares.com
http://www.kerekestelepikemping.hu/index.php/ajanlatok/item/16-eskuvoi-kepek?fon=FFFFFF&txt=76625B&start=80390,www.cheapskyfares.com
http://www.kerekestelepikemping.hu/index.php/ajanlatok/item/16-eskuvoi-kepek?fon=FFFFFF&txt=76625B&stxt=76625B&page=6&start=82150,www.cheapskyfares.com
http://www.ligamac.org/spanish/index.php/component/k2/item/101-asistencia-m?start=152630,www.cheapskyfares.com
http://www.ligamac.org/spanish/index.php/component/k2/item/101-educational-support?start=171000,www.cheapskyfares.com
http://www.melanierios.com/1/top-5-reasons-to-buy-a-porn-site-access/comment-page-25/,www.cheapskyfares.com
http://www.nycexhibition.com/street-accepted-works/yuliy-vasilev-bulgaria-slaves-of-time/comment-page-134/,www.cheapskyfares.com
http://www.osoujisoudan.com/pages/vsc/saleperts/cgi-bin/multi2.cgi/uencyWvVNaa,www.cheapskyfares.com
http://www.raizcimentaciones.es/blog-raiz-cimentaciones/item/5-grietas-en-las-viviendasfon=FFFFFF?txt=76625B&stxt=76625B&page=6&count=1&ie=1]buy&start=121650,www.cheapskyfares.com
http://www.redegggallery.com/red-egg-journal/2008/10/15/gees-bend-alabama.html,www.cheapskyfares.com
http://www.rubendarioalcivar.com/la-singular-entrevista-a-don-ramon-que-pocos-han-visto/comment-page-9/,www.cheapskyfares.com
http://www.rubendarioalcivar.com/la-singular-entrevista-a-don-ramon-que-pocos-han-visto/comment-page-9//,www.cheapskyfares.com
http://www.rubendarioalcivar.com/vive-tus-suenos-no-te-detengas/comment-page-11/,www.cheapskyfares.com
http://www.unifin.co.za/index.php/component/k2/item/26-content-demo-135/26-content-demo-135?start=35300,www.cheapskyfares.com
http://www.vr2020.cn/support/t25501423-discount_tickets_disney_land,www.cheapskyfares.com
http://www.vr2020.cn/support/t26514514-book_flight_tickets_from_travel_agency,www.cheapskyfares.com
http://www.vr2020.cn/support/t26821222-need_get_travel_site_check_flights,www.cheapskyfares.com
http://www.vr2020.cn/support/t26840767-ill_like_know_price_list_day_visit,www.cheapskyfares.com
http://www.vr2020.cn/support/t26958138-one_book_cheap_flights_india_from_usa,www.cheapskyfares.com
http://www.vr2020.cn/support/t26995813-book_cheap_flight_tickets_new_york,www.cheapskyfares.com
http://www.vr2020.cn/support/t27023070-different_classes_booked_international,www.cheapskyfares.com
http://www.wattpad.com/user/Michaelclarke123,www.cheapskyfares.com
http://www.yfzz.net/space-uid-704440.html,www.cheapskyfares.com
http://your-road.ru/iresurs/aviation/avia_hot.php,www.cheapskyfares.com
https://cheapairfaressite.wordpress.com/,www.cheapskyfares.com
https://cheapskyfares.weebly.com/,www.cheapskyfares.com
https://cheapskyfares.weebly.com/1/feed,www.cheapskyfares.com
https://cheapskyfares.weebly.com/blog/archives/05-2017,www.cheapskyfares.com
https://cheapskyfares.weebly.com/blog/category/all,www.cheapskyfares.com
https://cheapskyfares.weebly.com/blog/category/california,www.cheapskyfares.com
https://cheapskyfares.weebly.com/blog/category/cheap-air-flights,www.cheapskyfares.com
https://cheapskyfares.weebly.com/blog/category/cheap-airfares,www.cheapskyfares.com
https://cheapskyfares.weebly.com/blog/category/cheap-flight-to-california,www.cheapskyfares.com
https://cheapskyfares.weebly.com/blog/some-health-tips-for-during-travel-on-spring-season,www.cheapskyfares.com
https://cheapskyfares.weebly.com/blog/some-of-the-best-places-to-visit-in-california-united-states,www.cheapskyfares.com
https://ferreteriacobsa.es/cobsa/index.php/en/noticias-eventos/item/5-mannesmann/5-mannesmann?limit=3&start=42030,www.cheapskyfares.com
https://fitnessquest10.com/blog/6939/victoria-nordyke-client-of-the-month-for-june-2016/,www.cheapskyfares.com
https://funnytv.club/video/g3vB-L93jB0/how-to-find-cheap-flights---flight-booking-secrets-best-booking-sites---how-to-fly-cheap-lifehack,www.cheapskyfares.com
https://funnytv.club/video/pr6uO7n82eQ/how-to-get-the-cheapest-flight-to-anywhere,www.cheapskyfares.com
https://gust.com/companies/cheapskyfares,www.cheapskyfares.com
https://higiefacil.com.br/confira-nossa-fanpage-no-facebook-google-linkedin/comment-page-1199/,www.cheapskyfares.com
https://michaelclarke123.weebly.com/blog/archives/05-2018,www.cheapskyfares.com
https://spotkick.com.ng/index.php/international-watch/271-i-am-24-you-cannot-judge-me-as-the-finished-article-lukaku-hits-out-at-critics?start=1230,www.cheapskyfares.com
https://travelgurudiscountcoupon.com/cheap-last-minute-airline-ticket-deals/,www.cheapskyfares.com
https://travelgurudiscountcoupon.com/cheap-last-minute-airline-ticket-deals/1/,www.cheapskyfares.com
https://travelgurudiscountcoupon.com/unpublished-cheap-flights/,www.cheapskyfares.com
https://travelgurudiscountcoupon.com/unpublished-flight-deals/,www.cheapskyfares.com
https://tribratanewshumasrestabesbdg.com/wp/index.php/2017/03/02/wakapolsek-ujungberung-polrestabes-bandung-hadiri-giat-sambang-rasa-pengurus-pgri-kota-bandung/comment-page-870/,www.cheapskyfares.com
https://www.americanairlinesflights.us/,www.cheapskyfares.com
https://www.americanairlinesflights.us/romantic-places-to-go-in-tampa/,www.cheapskyfares.com
https://www.americanairlinesflights.us/things-to-do-in-las-vegas-for-free/,www.cheapskyfares.com
https://www.americanairlinesflights.us/top-3-things-to-do-in-detroit/,www.cheapskyfares.com
https://www.americanairlinesflights.us/top-hiking-trails-in-southern-california,www.cheapskyfares.com
https://www.archivesofadventure.com/the-best-restaurants-in-merida-mexico-dessert/,www.cheapskyfares.com
https://www.cargodepot.mx/component/k2/item/9-sample-item-8.html?start=21070,www.cheapskyfares.com
https://www.cheap-flight-deals.com/get-american-airlines-cheap-flights/,www.cheapskyfares.com
https://www.cheap-tickets-flights.com/amsterdam-fun-things/,www.cheapskyfares.com
https://www.cheap-tickets-flights.com/kayak-cheap-flights/,www.cheapskyfares.com
https://www.cheap-tickets-flights.com/vacation-in-a-treehouse-in-the-usa/,www.cheapskyfares.com
https://www.cheapairlinedeals.us/,www.cheapskyfares.com
https://www.cheapairlinedeals.us/category/beach-vacation/feed/,www.cheapskyfares.com
https://www.cheapairlinedeals.us/category/denver-flights/feed/,www.cheapskyfares.com
https://www.cheapairlinedeals.us/category/top-attractions/feed/,www.cheapskyfares.com
https://www.cheapairlinedeals.us/category/travel/feed/,www.cheapskyfares.com
https://www.cheapairlinedeals.us/category/vacation-resort/feed/,www.cheapskyfares.com
https://www.cheapairlinedeals.us/cheap-flights-chicago/,www.cheapskyfares.com
https://www.cheapairlinedeals.us/cheap-flights-to-phoenix/,www.cheapskyfares.com
https://www.discount-flight-tickets.com/,www.cheapskyfares.com
https://www.discount-flight-tickets.com/take-cheap-flights-from-msp/,www.cheapskyfares.com
https://www.discountflighttickets.us/,www.cheapskyfares.com
https://www.discountflighttickets.us/category/cheap-flight/feed/,www.cheapskyfares.com
https://www.discountflighttickets.us/cheap-flights-to-dallas,www.cheapskyfares.com
https://www.expediaflightdeals.com/,www.cheapskyfares.com
https://www.expediaflightdeals.com/find-cheap-flights-chicago-dallas/,www.cheapskyfares.com
https://www.expediaflightdeals.com/tennessee-amazing-spots/,www.cheapskyfares.com
https://www.fetch-cheap-flights.com/,www.cheapskyfares.com
https://www.fetchcheapflights.com/,www.cheapskyfares.com
https://www.go-cheaptickets.com/feed/,www.cheapskyfares.com
https://www.go-cheaptickets.com/thailand-cheap-one-way-flights/,www.cheapskyfares.com
https://www.golocal247.com/b/tampa-fl/airline-ticket-agencies,www.cheapskyfares.com
https://www.golocal247.com/biz/cheapskyfares/tampa-fl/1059261,www.cheapskyfares.com
https://www.hibiscushousegambia.com/component/k2/item/66-faqs%7C0?start=174280,www.cheapskyfares.com
https://www.hibiscushousegambia.com/component/k2/item/66-faqs%7C0?start=198600,www.cheapskyfares.com
https://www.hibiscushousegambia.com/component/k2/item/66-faqs%C3%BFhttp-?start=138090,www.cheapskyfares.com
https://www.hibiscushousegambia.com/component/k2/item/66-faqs%C3%BFhttp-?start=163310,www.cheapskyfares.com
https://www.ibm.com/developerworks/community/news/atom/stories/public?before=2018-05-23T10:53:25.545Z,www.cheapskyfares.com
https://www.last-minute-flights-deals.com/cheap-flights-from-msp-tour-sri-lanka/,www.cheapskyfares.com
https://www.last-minute-flights-deals.com/enjoy-cheap-flights-to-san-diego/,www.cheapskyfares.com
https://www.last-minute-flights-deals.com/swansea-cheap-flights-from-orlando/,www.cheapskyfares.com
https://www.linkcentre.com/review/www.cheapskyfares.com/,www.cheapskyfares.com
https://www.linkcentre.com/travel/flights/,www.cheapskyfares.com
https://www.linkcentre.com/us/travel/flights/1/,www.cheapskyfares.com
https://www.linkcentre.com/us/travel/flights/7/,www.cheapskyfares.com
https://www.quora.com/Is-there-any-website-for-last-minute-flight-deals-in-India,www.cheapskyfares.com
https://www.quora.com/What-is-the-best-website-for-looking-up-airfares-Why,www.cheapskyfares.com
https://www.quora.com/What-is-the-best-website-for-looking-up-airfares-Why?page_size=10&_escaped_fragment_=n=102,www.cheapskyfares.com
https://www.quora.com/What-is-the-best-website-for-looking-up-airfares-Why?page_size=10&_escaped_fragment_=n=60,www.cheapskyfares.com
https://www.quora.com/What-is-the-best-website-for-looking-up-airfares-Why?page_size=10&_escaped_fragment_=n=72,www.cheapskyfares.com
https://www.quora.com/What-is-the-best-website-for-looking-up-airfares-Why?page_size=10&_escaped_fragment_=n=84,www.cheapskyfares.com
https://www.quora.com/What-is-the-best-website-for-looking-up-airfares-Why?page_size=10&_escaped_fragment_=n=90,www.cheapskyfares.com
https://www.quora.com/What-is-the-best-website-for-looking-up-airfares-Why?page_size=10&_escaped_fragment_=n=96,www.cheapskyfares.com
https://www.quora.com/What-is-the-best-website-for-looking-up-airfares-Why?page_size=20&_escaped_fragment_=n=12,www.cheapskyfares.com
https://www.reddit.com/r/u_AndreaGeorge1996/comments/8jspz1/book_tickets_at_last_minute/,www.cheapskyfares.com
https://www.reddit.com/r/u_Michaelclarke122/?utm_source=amp&utm_medium=post_header,www.cheapskyfares.com
https://www.reddit.com/r/u_Michaelclarke122/comments/8kc9mv/plan_your_trip_at_last_minute/,www.cheapskyfares.com
https://www.reddit.com/r/u_Michaelclarke122/comments/8m1azh/choose_advance_booking_always/,www.cheapskyfares.com
https://www.reddit.com/user/AndreaGeorge1996,www.cheapskyfares.com
https://www.reddit.com/user/AndreaGeorge1996/duplicates/8jspz1/book_tickets_at_last_minute/,www.cheapskyfares.com
https://www.reddit.com/user/Michaelclarke122/comments/8lra7x/cheap_fare_flights_to_tampa/,www.cheapskyfares.com
https://www.reddit.com/user/Michaelclarke122/comments/8lra7x/cheap_fare_flights_to_tampa/?ref=readnext,www.cheapskyfares.com
https://www.reddit.com/user/Michaelclarke122/duplicates/8kc9mv/plan_your_trip_at_last_minute/,www.cheapskyfares.com
https://www.reddit.com/user/michaelclarke122,www.cheapskyfares.com
https://www.scoop.it/t/travel-631,www.cheapskyfares.com
https://www.scoop.it/t/travel-631/p/4068766352/2016/09/07/cheapskyfares-com,www.cheapskyfares.com
https://www.scoop.it/t/travel-631/p/4068766491/2016/09/07/cheap-flights-to-dallas-dfw-search-on-cheapskyfares,www.cheapskyfares.com
https://www.scoop.it/t/travel-631/p/4068766493/2016/09/07/cheap-flights-to-miami-mia-search-on-cheapskyfares,www.cheapskyfares.com
https://www.scoop.it/t/travel-631/p/4068766497/2016/09/07/cheap-flights-to-tampa-tpa-search-on-cheapskyfares,www.cheapskyfares.com
https://www.scoop.it/t/travel-631/p/4068766506/2016/09/07/cheap-flights-to-san-francisco-sfo-search-on-cheapskyfares,www.cheapskyfares.com
https://www.scoop.it/t/travel-631/p/4068766512/2016/09/07/cheap-flights-to-new-york-nyc-search-on-cheapskyfares,www.cheapskyfares.com
https://www.scoop.it/t/travel-631/p/4068768324/2016/09/07/cheap-flights-to-chicago-chi-search-on-cheapskyfares,www.cheapskyfares.com
https://www.scoop.it/t/travel-631/p/4068768338/2016/09/07/cheap-flights-to-atlanta-atl-search-on-cheapskyfares,www.cheapskyfares.com
https://www.scoop.it/t/travel-631/p/4068768412/2016/09/07/cheap-flights-to-los-angeles-lax-search-on-cheapskyfares,www.cheapskyfares.com
https://www.scoop.it/t/travel-631/p/4068768414/2016/09/07/cheap-flights-to-las-vegas-las-search-on-cheapskyfares,www.cheapskyfares.com
https://www.spreaker.com/user/andreageorge,www.cheapskyfares.com
https://www.spreaker.com/user/andreageorge/book-your-tickets-in-advance,www.cheapskyfares.com
